,GSM215051,GSM215052,GSM215053,GSM215054,GSM215055,GSM215056,GSM215057,GSM215058,GSM215059,GSM215060,GSM215061,GSM215062,GSM215063,GSM215064,GSM215065,GSM215066,GSM215067,GSM215068,GSM215069,GSM215070,GSM215071,GSM215072,GSM215073,GSM215074,GSM215075,GSM215076,GSM215077,GSM215078,GSM215079,GSM215080,GSM215081,GSM215082,GSM215083,GSM215084,GSM215085,GSM215086,GSM215087,GSM215088,GSM215089,GSM215090,GSM215091,GSM215092,GSM215093,GSM215094,GSM215095,GSM215096,GSM215097,GSM215098,GSM215099,GSM215100,GSM215101,GSM215102,GSM215103,GSM215104,GSM215105,GSM215106,GSM215107,GSM215108,GSM215109,GSM215110,GSM215111,GSM215112,GSM215113,GSM215114
ACACA,6.483575,6.79429,6.9093599999999995,6.848065,6.72598,6.7711950000000005,6.237175,6.404655,6.55353,6.6175250000000005,6.7506,6.4731749999999995,6.494415,6.417575,6.789009999999999,6.469275,6.642825,6.611405,6.8139199999999995,6.49888,6.503405000000001,6.335295,6.50502,6.41462,6.667795,6.480205,6.427955,6.21753,6.814115000000001,6.818569999999999,6.457215,6.884355,7.226305,7.33607,7.460825,7.23719,7.34923,6.775790000000001,6.993845,7.250299999999999,7.0258,7.6946699999999995,6.467245,7.25442,7.07718,7.016019999999999,7.213255,7.177375,7.24587,7.06091,7.1685799999999995,6.710075,6.79464,7.461869999999999,6.862555,7.148899999999999,7.273149999999999,6.649229999999999,6.5090900000000005,6.19681,6.84704,7.184465,7.1434999999999995,7.065875
ACACB,6.083608333333333,5.935171666666666,6.350681666666667,6.101241666666667,6.417818333333333,6.386481666666666,6.106401666666667,6.32602,6.450581666666667,6.416715,5.871876666666666,6.092200000000001,6.021905,6.01473,5.701039999999999,6.2558283333333335,5.888468333333333,6.1210916666666675,6.07179,6.314801666666667,6.280218333333334,5.9328866666666675,6.040948333333333,6.196256666666667,6.248436666666667,5.8806183333333335,6.262618333333333,6.173286666666667,6.417923333333334,6.257414999999999,6.489731666666667,6.123318333333334,5.945611666666665,5.609433333333333,5.830388333333333,5.45467,5.478986666666667,5.841453333333334,5.538201666666667,5.550296666666667,6.07313,5.5157533333333335,6.007648333333333,5.603650000000001,5.899626666666666,5.706763333333334,5.47676,5.691793333333333,5.485103333333334,5.424358333333333,5.670368333333333,5.793938333333333,5.914336666666666,5.5450333333333335,5.91833,5.696089999999999,5.7682183333333334,5.712938333333334,5.525371666666666,5.4234800000000005,5.693429999999999,5.668465,5.57413,5.7949366666666675
ACAT1,6.108253333333333,6.041723333333334,6.126116666666667,6.17264,6.16496,6.1712766666666665,5.986000000000001,5.980126666666667,5.85955,5.888323333333333,6.06074,5.97342,5.78888,5.999269999999999,5.950300000000001,6.14903,5.833483333333333,6.226253333333333,6.075276666666666,6.0352766666666655,6.0769866666666665,6.159669999999999,5.848806666666667,5.688876666666666,5.974810000000001,6.151753333333333,5.906933333333334,6.032799999999999,5.9803733333333335,5.836506666666668,6.07056,5.71497,5.24609,5.3073,5.573503333333334,5.81417,5.600743333333333,5.798563333333333,5.491510000000001,5.5740300000000005,5.600249999999999,5.3475600000000005,5.358820000000001,5.52215,5.051306666666666,5.704083333333333,5.797036666666667,5.667306666666668,5.287923333333333,5.500733333333334,5.476006666666667,5.43541,5.473176666666667,5.5792600000000006,5.173463333333333,5.362193333333334,5.527956666666667,5.463629999999999,5.48443,5.1949700000000005,5.158986666666666,5.401610000000001,5.176193333333333,5.464836666666667
ACAT2,7.40981,7.90385,7.49983,7.394360000000001,8.48315,8.04335,7.6295,7.9598,7.39257,7.21356,7.86867,8.25629,7.30911,8.01716,8.04402,7.75835,7.955439999999999,7.628760000000001,7.18425,7.54102,7.242719999999999,7.85929,7.54248,7.68585,7.637860000000001,7.489160000000001,7.245480000000001,7.2897,7.476889999999999,7.67726,7.33788,7.8174,7.85945,8.00807,8.54599,8.25767,9.15788,7.89693,8.30865,9.2294,8.81874,8.627,7.7377899999999995,8.433589999999999,7.490139999999999,8.0387,8.85542,8.39378,9.21798,7.6061,7.916510000000001,7.06301,7.681760000000001,8.55903,7.96325,8.39223,8.42557,7.8144,7.27579,7.58865,7.633439999999999,8.7958,8.58714,7.86303
ACOT12,3.06133,2.92308,2.89874,2.903,3.07347,3.41925,3.12797,2.9880299999999997,2.97515,2.87348,3.1368400000000003,2.70349,3.18221,2.9178900000000003,2.9295,2.96805,3.1606099999999997,2.9254599999999997,2.98157,3.01573,2.8039400000000003,2.99796,2.87906,2.8270299999999997,3.00332,3.20181,3.1583799999999997,3.10019,2.98366,2.85948,2.9833,2.98745,2.87756,3.05024,3.2556599999999998,2.88357,2.84825,2.98652,2.9793,2.87348,2.90711,3.24435,3.0043,2.9330000000000003,2.86576,3.00093,2.8842,3.06811,2.9186400000000003,2.94979,2.74967,3.0878200000000002,2.98026,3.21244,3.03071,3.14092,3.1892,3.08506,3.1329700000000003,2.95708,2.9681599999999997,2.9517900000000004,2.8460900000000002,3.00254
ACSS1,5.390478,5.095044,5.2197059999999995,5.17819,5.221565999999999,5.341872,5.002722,5.010542,5.051014,4.92501,4.90848,4.89759,5.152226000000001,5.065332,4.949698,5.02487,5.260808000000001,5.158379999999999,4.966308,5.135528,4.9229579999999995,5.069826,5.024336,5.1092439999999995,5.01087,5.207172,4.998273999999999,5.008661999999999,5.129886,5.006297999999999,5.060534,5.135202,5.048016,5.0579979999999995,5.270524,5.170476,4.704438,5.3567480000000005,4.9348019999999995,4.9115139999999995,5.09412,5.188922,5.433622000000001,4.987486,4.881006,4.982746000000001,4.977849999999999,5.068806,4.936839999999999,5.244414000000001,4.87645,5.15827,4.913386,4.920312000000001,4.935028,5.153464,4.869591999999999,4.90593,4.995507999999999,4.8930679999999995,5.092166000000001,4.791412,4.979241999999999,4.992512
ACSS2,9.77288,9.66842,9.78089,9.63376,9.75802,9.531239999999999,9.249139999999999,9.455860000000001,9.4888,9.51518,9.33275,9.669310000000001,9.1923,9.57007,9.27135,9.73905,9.27745,9.6614,9.592030000000001,9.63777,9.68707,9.48601,9.36616,9.56532,9.77546,9.2431,9.146939999999999,9.0429,9.710560000000001,9.89449,9.72194,9.69053,8.506639999999999,7.7991600000000005,8.762189999999999,8.49815,8.9513,8.691980000000001,8.86012,8.86563,9.00435,8.63805,8.675130000000001,8.079460000000001,8.16703,8.45945,8.515419999999999,8.53995,8.48263,8.01995,8.67024,8.71322,8.196069999999999,8.55083,8.49393,8.40896,8.14792,8.607389999999999,8.37853,8.53191,8.57777,8.68286,8.84217,8.42861
ACYP1,5.8086,6.29778,6.35346,5.2194,6.15482,5.48832,5.96482,5.55892,5.986680000000001,6.2910699999999995,6.02719,6.4772099999999995,5.90479,6.13636,6.0481300000000005,6.366680000000001,5.40805,6.211040000000001,6.6748,6.147390000000001,6.1476,6.3307400000000005,5.34469,6.39556,6.3606300000000005,6.25455,5.88489,6.28827,6.57711,6.627339999999999,7.117139999999999,6.77367,7.36101,6.765389999999999,6.63997,6.23172,7.17585,6.64647,6.8533100000000005,6.7339899999999995,6.919910000000001,7.03365,4.96791,6.88247,7.01089,6.6987,6.99719,6.32696,6.758939999999999,6.99615,7.145289999999999,6.562139999999999,7.39566,6.661110000000001,7.352469999999999,7.618239999999999,7.97249,7.8438,6.01346,7.21575,7.24785,7.2158,7.858910000000001,7.10888
ACYP2,,,,,,,,,,,,,,,,,,,,,,,,,,,,,,,,,,,,,,,,,,,,,,,,,,,,,,,,,,,,,,,,
DLAT,7.971379999999999,8.308746666666666,8.28658,8.261093333333333,8.559966666666666,8.395563333333333,8.198343333333332,8.311643333333334,8.189256666666667,8.345343333333334,8.46165,8.447556666666665,7.9027433333333335,8.37505,8.545356666666667,8.462753333333334,8.364116666666666,8.212593333333334,8.378179999999999,8.15275,8.299433333333333,8.34863,8.355026666666667,8.41099,8.647829999999999,8.288089999999999,7.734729999999999,7.94071,8.316466666666665,8.436533333333331,8.062640000000002,7.932966666666666,7.781426666666666,8.106693333333332,8.663966666666665,8.818,8.85042,8.780446666666668,8.52801,8.597383333333333,9.01334,8.434496666666666,7.735926666666667,8.560276666666667,7.645843333333333,8.6509,8.85224,8.882956666666667,8.463016666666666,8.678613333333333,8.793606666666667,8.217826666666667,8.389266666666666,8.69936,8.36394,8.91998,8.876076666666668,8.376619999999999,7.8322433333333334,8.037226666666667,8.26375,8.48253333333333,8.051183333333334,8.225596666666668
DLD,8.79341,8.535445000000001,8.905555,8.99361,8.95589,8.83795,8.751165,8.714935,8.869580000000001,8.946705,9.145655000000001,8.93882,8.609065000000001,8.880790000000001,9.20681,9.058,8.794505,8.843910000000001,9.139845000000001,8.84857,8.933685,8.83761,8.978075,8.996935,8.96761,8.820464999999999,8.782155,8.822025,9.057385,9.021284999999999,9.006355,8.778495,8.60996,8.53675,8.842315000000001,9.436010000000001,9.368065000000001,8.88187,8.868,8.80142,9.11233,8.63625,8.06037,8.824735,9.154895,9.5732,9.03449,9.065345,9.12653,8.816105,8.970995,9.033619999999999,8.93265,9.005375,8.76564,8.981895000000002,9.06074,8.889,9.067730000000001,8.39916,8.68575,8.752405,9.20559,8.50403
GLO1,10.076130000000001,10.56369,10.43655,10.28481,10.6207,10.66784,10.44263,10.28185,10.28202,10.357289999999999,10.64736,10.76253,10.412510000000001,10.50489,10.512,10.268460000000001,10.78358,10.26078,10.39305,10.16123,10.08557,10.33542,10.419089999999999,10.214839999999999,10.31353,10.34615,9.89333,10.355260000000001,10.23361,10.28928,10.18265,10.426630000000001,10.71401,10.99675,11.36565,11.21228,11.39206,11.30852,11.24003,11.14595,11.24488,11.69769,10.94528,11.24569,11.05428,11.272089999999999,11.56132,10.957230000000001,11.75937,11.34177,11.16982,10.46003,10.87887,11.00267,11.17575,11.3167,11.178519999999999,10.90005,10.85982,11.1734,11.138069999999999,10.990689999999999,10.93467,10.80452
HAGH,8.08892,8.095369999999999,7.798260000000001,7.57602,8.18195,8.06748,8.06753,7.79565,7.8965,8.00484,7.681369999999999,8.20465,7.61322,7.9477899999999995,7.49333,7.91615,7.60075,8.25393,7.8620399999999995,7.9234100000000005,8.01943,7.91907,7.847010000000001,7.88345,8.09985,7.913310000000001,7.47992,7.65535,7.7006,7.79188,8.314960000000001,7.923430000000001,7.74826,7.781860000000001,7.8882699999999994,7.71435,7.93435,7.93895,8.34297,7.819439999999999,7.93772,8.00774,7.7992,7.86393,7.85027,7.90512,7.835039999999999,7.700810000000001,7.8552,8.32686,8.06976,8.13972,7.68526,8.03032,7.37585,7.925339999999999,7.95029,7.93664,7.44445,7.96433,7.7503,7.7660800000000005,7.93503,7.85906
HAGHL,6.7308699999999995,6.45844,6.4577,6.12217,6.38128,6.66713,6.0792,5.93755,6.14461,6.12861,6.017530000000001,6.26513,6.54599,6.5577,6.135759999999999,6.25462,6.44575,6.41139,6.2060699999999995,6.3618,5.95475,6.2904,6.06365,6.32779,5.90001,6.59581,6.25723,6.30225,6.02249,6.08365,6.1952300000000005,6.58743,6.4574300000000004,6.77343,6.3363,6.35406,6.22663,6.899089999999999,6.42746,6.36626,6.2592,6.6315100000000005,6.53204,6.1723,6.46735,6.2441699999999996,6.602539999999999,6.33372,6.26849,6.78257,6.2878300000000005,6.8785,6.326890000000001,6.32736,6.35316,6.28972,6.5330900000000005,6.45597,6.14297,6.65992,6.32472,6.2950099999999996,6.5707,6.37967
LDHA,12.25827,12.2582,12.31268,12.2937,12.09806,12.19957,12.277519999999999,12.34956,12.103860000000001,12.26918,12.43688,12.49939,12.49968,12.4669,12.23625,12.02727,12.21924,12.40739,12.2846,12.47595,12.06219,12.214369999999999,12.24717,12.208689999999999,12.443769999999999,12.311910000000001,11.91873,11.89201,12.27767,12.30315,11.99925,12.11316,12.73775,12.78207,12.99297,12.577110000000001,12.49499,12.559000000000001,12.29491,12.73162,12.5827,12.96922,12.46963,12.72162,12.89925,12.43029,12.425,12.78851,12.7804,12.480089999999999,12.99006,12.76953,12.36669,12.618260000000001,12.64493,12.41775,12.75606,12.09532,12.2273,12.61428,12.6024,13.20876,12.6803,12.689739999999999
LDHAL6A,4.14304,4.1601300000000005,4.61906,4.13975,4.18975,3.70851,3.97456,4.11292,4.09731,4.16549,4.1607,4.0286599999999995,4.4246300000000005,3.87091,4.1489199999999995,4.1248,4.10794,4.03941,3.7259599999999997,4.16467,3.9966,4.02643,4.07886,4.15393,4.45654,4.15139,4.1039699999999995,4.04962,4.10615,4.02645,3.8086699999999998,4.173369999999999,3.9778,3.9658,4.3426599999999995,4.30671,4.102609999999999,4.5826199999999995,3.92326,4.0422199999999995,4.0563199999999995,4.28606,4.22998,4.1144,4.03229,4.090380000000001,4.42871,4.469069999999999,4.18773,3.88246,3.69845,4.30735,3.9564,4.14824,4.06065,3.94156,4.01388,4.40003,4.17034,4.01665,3.8713,4.00522,4.19759,4.09567
LDHAL6B,2.88844,3.14803,3.4465800000000004,3.17615,3.07216,2.95945,3.3414900000000003,3.11057,3.1452299999999997,3.04435,3.3420300000000003,3.07133,3.1001,3.1711400000000003,3.0110200000000003,3.05872,3.2044200000000003,3.16072,2.84002,3.13936,2.89013,3.1989400000000003,3.07987,3.2570099999999997,3.4015400000000002,3.43235,3.50366,3.12499,3.1311,3.14364,2.97123,3.3407699999999996,3.0691900000000003,3.1165700000000003,2.94271,3.05701,3.17067,3.11646,3.1042400000000003,3.1415900000000003,3.1208,3.35635,3.30061,3.0932,3.1926799999999997,3.1772400000000003,3.3453,3.07287,3.15036,3.2389900000000003,3.16495,2.9456700000000002,3.04161,3.06778,3.06385,3.1061799999999997,3.12126,3.10736,3.4765800000000002,3.4020099999999998,3.23433,2.96603,3.02412,3.2130799999999997
LDHB,10.853755,11.114609999999999,10.72773,10.75064,11.266160000000001,11.229885,11.3339,11.044855,10.83099,10.89104,10.954665,11.372399999999999,10.92284,11.19655,11.037745000000001,10.712395,11.478845,11.004865,11.03191,10.86429,10.974319999999999,11.13972,10.991975,10.927055,11.01624,10.938655,10.94867,10.958385,10.705845,11.085225,10.796015,11.075815,12.015535,11.053145,12.152940000000001,12.171215,11.88883,12.132280000000002,12.040244999999999,12.374880000000001,12.089595,12.003115000000001,11.70213,11.702975,10.925125000000001,11.973505,12.314419999999998,12.53388,12.363555000000002,12.50984,12.00754,11.713070000000002,11.871089999999999,11.790689999999998,12.178560000000001,12.178889999999999,12.1415,11.527180000000001,10.92567,10.199670000000001,11.824214999999999,12.12132,11.906665,11.776845
LDHC,4.4449,4.52433,4.3413,4.872669999999999,4.601369999999999,4.94104,4.55478,4.22436,4.34997,4.4486,4.31643,5.13339,5.03531,4.98114,4.53298,4.59437,4.51767,4.51041,4.62369,4.81548,4.50522,4.4547,4.65546,4.51309,5.0772900000000005,4.30203,4.37054,4.37742,4.3985199999999995,4.5225599999999995,4.44382,4.638719999999999,4.71176,4.6281300000000005,5.27351,4.80072,5.1912400000000005,4.8036,4.67762,4.89759,4.793419999999999,4.57078,4.79061,5.74226,5.15945,5.11001,4.52525,4.85048,4.6272400000000005,4.824269999999999,4.708419999999999,4.74271,4.21333,4.61613,4.534669999999999,4.44709,5.9529,4.37259,4.75096,5.03757,4.76927,4.79269,4.671069999999999,4.69211
LDHD,6.46515,6.65384,5.78902,5.52163,6.8669199999999995,7.07092,6.119280000000001,6.4027,6.3217,6.29392,5.57948,6.58886,6.22023,6.40656,5.676419999999999,6.20608,5.81675,6.35559,6.3756699999999995,6.757680000000001,6.916,6.3376,6.718039999999999,5.9359,6.979419999999999,6.38049,5.73821,5.95591,6.01979,6.4004900000000005,6.8598300000000005,5.96971,4.7628900000000005,5.06427,5.70844,5.1759699999999995,5.7395,5.86532,6.20456,5.64027,5.7087699999999995,5.3632,6.17024,4.12978,4.64774,5.3892,5.12694,5.65002,4.6513,5.23578,5.99257,5.9195,5.73566,5.70062,4.67089,5.06266,4.95544,5.83004,5.7495,5.03416,4.85524,4.48579,5.0797099999999995,5.51893
ME1,4.592133333333333,5.8831999999999995,5.279983333333333,5.1024166666666675,6.0593,6.001926666666667,6.08678,5.308003333333334,6.3271299999999995,6.107689999999999,5.851733333333333,6.108506666666667,6.372883333333333,6.069933333333334,6.431526666666666,5.50318,6.05688,5.342786666666666,6.095293333333333,5.52994,5.455253333333334,5.1421133333333335,6.07876,5.7328833333333336,5.705189999999999,5.57965,5.832583333333333,5.58452,6.0079633333333335,5.733763333333333,5.567176666666666,6.058283333333333,5.768316666666666,6.884623333333333,6.408576666666666,6.5009733333333335,7.806699999999999,7.140509999999999,8.263963333333333,7.687399999999999,7.545616666666667,7.158693333333333,6.314800000000001,6.733833333333333,7.20479,7.137473333333333,7.120450000000001,7.12152,7.526776666666668,6.745659999999998,7.774073333333334,7.18175,6.534413333333333,6.6407033333333345,6.957999999999999,6.983893333333334,7.513903333333334,7.912236666666666,6.762626666666667,7.037693333333333,7.1232,6.938066666666667,8.112183333333332,6.961406666666666
ME2,9.225253333333333,9.07032,9.354529999999999,9.16589,9.238733333333334,9.16158,8.842516666666667,9.088716666666667,9.070033333333333,9.304409999999999,9.416229999999999,9.644273333333333,9.147340000000002,9.774893333333333,9.222173333333332,9.67329,8.947553333333333,9.34055,9.194370000000001,9.19256,9.326856666666666,9.398466666666666,8.933036666666666,8.946286666666667,9.13932,8.90474,8.67108,8.759129999999999,9.386626666666666,9.485793333333334,9.612583333333333,9.1356,7.79886,8.74256,9.20252,9.261809999999999,9.516666666666667,9.248006666666667,9.501773333333333,9.370283333333333,9.677653333333334,8.876873333333334,8.700786666666666,9.274416666666667,9.298889999999998,9.602696666666667,9.091503333333334,9.756026666666665,8.722946666666667,9.58091,9.469923333333334,9.34304,8.949036666666666,9.454206666666666,8.865976666666667,9.475656666666666,9.619606666666668,9.249713333333334,8.94103,8.128773333333335,8.0483,8.94936,9.078273333333334,9.129219999999998
ME3,6.47133,5.93203,6.127220000000001,5.632745,5.78537,5.937984999999999,5.8668499999999995,6.19155,5.892945,6.05232,5.767225,6.01929,5.5608450000000005,6.26704,5.718389999999999,6.11937,6.15532,6.090199999999999,5.977265,6.09325,5.943045,6.1854700000000005,5.936935,6.090945,6.040775,6.018185,6.128465,6.2398,6.30443,6.306555,6.846495,6.650985,6.29249,6.2648399999999995,6.216609999999999,6.31111,6.236245,7.012265000000001,6.63471,6.529425,6.404555,6.5049399999999995,6.593815,6.3192200000000005,5.8175550000000005,6.322545000000001,6.298225,6.24033,6.246874999999999,6.671725,6.200305,6.5767500000000005,6.534385,6.308165000000001,6.353415,6.675445,6.678285,6.427569999999999,6.69267,5.856025,6.4948749999999995,6.7483949999999995,6.737694999999999,7.000565
PC,6.28343,6.26069,6.39468,6.36679,6.2194400000000005,6.29866,5.91639,6.03143,6.23966,6.08795,5.850619999999999,6.1607400000000005,6.6576,5.93825,6.02155,5.74518,6.04442,6.6845300000000005,6.16063,5.69421,5.73476,5.61101,6.67691,6.33089,6.37108,6.33863,5.68889,5.484319999999999,5.98055,5.93732,5.91254,5.95653,5.93043,5.625780000000001,5.91994,6.08645,5.97047,5.92516,6.05886,6.10439,5.76198,6.09464,6.63265,5.73911,5.070069999999999,5.647419999999999,5.61348,5.70442,5.19676,5.67382,6.41589,5.14304,5.44348,5.9207,5.23378,5.9691,5.5883,5.97527,5.5174900000000004,5.9135599999999995,5.94102,6.44077,5.26679,5.73465
PCK1,11.09136,10.28544,10.88836,11.04301,11.01396,10.49417,10.9439,10.94931,10.965760000000001,11.34682,10.46079,10.23583,10.311739999999999,10.18395,11.352219999999999,11.59538,11.034310000000001,11.58581,10.77207,11.48585,11.402239999999999,10.65673,11.01958,11.28743,11.30452,10.540280000000001,11.11065,11.06375,10.91415,11.61177,11.20927,11.35463,7.8532,3.94766,6.4836599999999995,7.46386,7.0437899999999996,6.939369999999999,7.09035,4.43746,7.92848,6.50444,6.758939999999999,6.5930100000000005,6.07569,6.55279,7.356139999999999,6.55199,8.33107,5.53447,7.02963,7.296069999999999,8.480830000000001,6.7293199999999995,6.5972,8.04768,6.234780000000001,7.916980000000001,6.3979099999999995,5.2188099999999995,7.09685,5.1182300000000005,4.02473,7.88443
PCK2,8.79157,8.865730000000001,8.8311,8.91894,9.063310000000001,9.06122,8.75968,8.904630000000001,8.7474,8.743,8.25675,9.0093,8.66952,8.59657,8.4953,8.70544,8.53961,8.86075,8.71904,8.667639999999999,8.88884,8.68613,8.715530000000001,8.6137,9.03856,8.567960000000001,8.4364,8.39975,8.628589999999999,8.36154,9.16801,8.92118,8.62776,8.251539999999999,8.67959,8.76782,9.115730000000001,9.1925,9.60181,9.311,8.89669,8.71057,9.2766,8.04948,7.87763,8.97948,8.561119999999999,8.6881,8.2775,8.703289999999999,8.351189999999999,8.64217,8.86347,8.84706,8.39541,8.77365,8.73434,8.80407,8.73425,8.170169999999999,8.14265,8.1156,9.07158,8.7309
PDHA1,8.80412,8.9198,8.897583333333335,8.844176666666666,9.14344,9.16086,8.766303333333333,8.970033333333333,8.970583333333334,9.067583333333333,8.924543333333334,9.193193333333333,8.386930000000001,9.035996666666668,9.014326666666667,9.14653,8.726143333333333,9.054066666666666,9.113273333333332,8.917773333333335,9.062886666666667,8.946043333333334,8.86416,8.74471,9.058223333333332,8.688383333333334,8.685603333333335,8.828323333333334,9.054246666666666,9.294733333333333,9.353250000000001,9.02774,9.17312,8.783046666666666,9.303756666666667,9.122003333333334,9.44952,9.603883333333334,9.079583333333334,9.113883333333334,9.495776666666666,8.792776666666667,8.381343333333334,8.960436666666666,9.310933333333333,9.30315,8.946286666666667,9.401916666666667,9.139909999999999,9.300173333333333,9.189403333333333,8.956296666666667,8.988583333333333,9.22837,9.108993333333332,9.215933333333334,9.294966666666667,9.036056666666667,8.581046666666667,8.21668,8.86833,9.686056666666667,8.728166666666667,9.064359999999999
PDHA2,4.1285099999999995,3.7957699999999996,4.09508,3.3698099999999998,3.9348099999999997,4.19929,3.9249699999999996,4.12355,3.8712800000000005,3.95546,3.89016,3.9192699999999996,4.677630000000001,3.6987900000000002,3.6538,3.7320800000000003,3.98926,3.76519,3.94403,4.00175,3.94424,4.32245,3.7787800000000002,4.10381,4.06302,4.12713,3.68013,3.98956,3.9496599999999997,4.0004800000000005,3.87194,3.84384,3.6962,4.0956,3.91906,4.3407599999999995,3.7054699999999996,4.2499199999999995,3.78335,4.12979,3.8266,3.76784,4.13809,4.01553,3.79484,3.89709,3.97068,4.0362,3.80113,3.87495,4.0961099999999995,3.92329,3.92518,4.04483,3.5328199999999996,3.67381,3.9013699999999996,3.91091,3.74951,4.13852,3.75145,3.66189,3.9587199999999996,4.20874
PDHB,9.36064,9.428015,9.420545,9.6724,9.88403,9.714034999999999,9.700759999999999,9.549199999999999,9.73213,9.745495,9.717455000000001,9.852004999999998,9.49517,9.672149999999998,9.999455000000001,9.831814999999999,9.69461,9.744495,9.60978,9.492725,9.838415000000001,9.558145,9.795645,9.583915,9.928885000000001,9.17992,9.325175,9.569745000000001,9.5912,9.483675,9.68802,9.61241,9.29933,9.3814,9.77403,9.757575,10.148905,9.911620000000001,10.01864,9.957615,10.202315,9.557784999999999,8.997775,9.900784999999999,9.660165,9.834495,9.96709,9.918,9.863985,9.843165,9.73334,9.584905,9.93132,10.066279999999999,9.80392,9.741989999999998,9.89443,9.528835,9.174965,9.517975,9.644745,9.654775,9.733450000000001,9.657045
PKLR,4.583806666666667,4.392343333333334,4.255613333333334,4.417913333333334,4.2960199999999995,4.332626666666667,4.359769999999999,4.591723333333333,4.57407,4.548236666666667,4.188723333333333,4.21875,4.9022499999999996,4.254896666666666,4.137166666666666,4.079266666666666,4.770043333333334,4.400683333333333,4.102523333333333,4.5424,4.1982566666666665,4.423703333333333,4.2837700000000005,4.571020000000001,4.391893333333333,4.6859133333333345,4.3100933333333336,4.121536666666667,4.331683333333333,4.255043333333333,4.2688033333333335,4.55487,4.279450000000001,4.21172,4.076613333333333,4.243766666666667,3.972523333333333,4.347513333333333,3.95903,4.16857,4.31934,4.35398,4.98167,4.04015,3.9876199999999997,4.0775733333333335,4.215023333333334,4.267046666666666,4.09463,4.101929999999999,4.28962,4.406103333333333,4.159126666666666,4.383993333333334,4.1645933333333325,4.0873333333333335,4.181979999999999,4.344386666666668,4.35142,4.359893333333334,4.153246666666667,3.92137,4.332730000000001,4.299273333333333
PKM2,,,,,,,,,,,,,,,,,,,,,,,,,,,,,,,,,,,,,,,,,,,,,,,,,,,,,,,,,,,,,,,,
PDK1,5.96271,5.931183333333333,6.3247366666666665,6.28785,6.477696666666667,6.39846,6.243343333333333,6.10736,6.1788566666666656,6.563053333333333,6.494313333333333,6.796513333333333,5.99341,7.128730000000001,5.936286666666667,6.176643333333334,5.972783333333335,6.298296666666666,5.849060000000001,5.746093333333334,5.98904,6.090656666666668,6.567833333333333,6.123606666666666,6.499933333333334,6.948263333333333,6.387973333333334,6.950010000000002,6.244409999999999,6.134926666666666,6.327303333333333,5.5332,5.258336666666667,5.952839999999999,6.233316666666667,5.973763333333333,6.506213333333334,5.986063333333333,5.837103333333334,5.897186666666666,5.95925,6.222953333333333,5.627816666666667,6.38019,6.137476666666667,6.284513333333333,6.149223333333334,6.003213333333332,6.436876666666667,6.059383333333334,6.0399400000000005,5.694746666666667,5.952003333333334,6.155963333333333,5.665406666666667,6.302586666666667,6.387466666666666,5.972269999999999,6.248956666666666,6.12473,6.148713333333333,6.633363333333333,5.9381699999999995,5.821676666666666
PDK2,7.491760000000001,7.56381,7.51864,7.246595,7.517275,7.502355,7.38433,7.555859999999999,7.406269999999999,7.540164999999999,7.055680000000001,7.36824,7.0722949999999996,7.27689,6.988665,7.694195000000001,7.17488,7.662715,7.43356,7.563445,7.949695,7.534815,7.46256,7.494025000000001,7.86735,7.5880399999999995,7.132325,7.157215000000001,7.413895,7.43848,8.009815,7.21231,7.262185,6.559715,6.899955,6.7761949999999995,6.8507,7.137179999999999,7.054970000000001,6.845174999999999,7.187060000000001,6.819635000000001,7.256265000000001,6.6222900000000005,7.024744999999999,7.030765000000001,6.8948,6.546125,6.765695000000001,6.623139999999999,6.588365,7.000929999999999,7.35788,7.180775000000001,6.9552499999999995,6.986750000000001,6.478095,6.935535,6.865715,6.91207,7.234225,6.6408700000000005,6.89727,6.415015
PDK3,6.1632620000000005,6.229274,6.406058,6.046476,6.0260359999999995,5.951168,6.212010000000001,6.558283999999999,5.997452,5.778806,6.7361320000000005,6.87949,5.59101,6.817824,5.833463999999999,6.101693999999999,5.921728,6.25295,6.538328,6.15314,6.144476,6.750692000000001,6.109198,5.816254000000001,6.5534300000000005,6.897234,6.222641999999999,6.524879999999999,6.2247259999999995,6.714428000000001,6.5679680000000005,5.728211999999999,6.691382000000002,6.309134,6.910962,6.480436,6.525951999999999,6.156712000000001,6.726222,6.730758,6.870712,6.5339339999999995,5.858524000000001,6.712656,6.716311999999999,6.680414000000001,6.005087999999999,6.726964,7.561942,6.539296,6.978222,6.8507380000000015,6.19101,7.09859,6.614552000000001,6.65113,6.891890000000001,6.785164,6.26249,6.156726000000001,7.045636,7.033838,6.6316559999999996,5.991558
PDK4,5.241733333333333,5.514963333333333,5.833243333333333,5.82055,5.567726666666666,5.518923333333333,6.06726,6.061973333333334,6.10708,5.879156666666667,5.928609999999999,6.638346666666666,5.200353333333333,6.046973333333334,6.1260666666666665,6.232600000000001,6.681373333333333,6.444770000000001,6.64699,5.917053333333333,5.995896666666667,6.123383333333333,6.121973333333333,5.836403333333334,5.720536666666667,6.3581900000000005,5.78113,5.561240000000001,5.80582,5.768919999999999,6.904443333333333,5.595956666666667,4.760890000000001,4.552073333333333,4.66609,5.112646666666667,4.919573333333333,4.9100399999999995,5.824713333333334,4.676469999999999,5.191136666666667,4.4668,4.266773333333334,5.34543,5.018476666666667,5.273146666666666,4.5007,4.91161,4.934843333333333,4.873773333333333,5.087203333333334,4.839423333333333,5.143566666666667,5.1528833333333335,5.074836666666666,4.8306499999999994,4.6106,5.096396666666666,4.6297733333333335,4.866196666666666,5.087606666666667,4.253366666666667,5.47624,4.663286666666667
MPC2,8.978505,9.04926,9.180275,8.933254999999999,8.859295,8.872435,9.09291,9.18635,9.038155,9.156625,9.668395,9.086784999999999,8.719484999999999,8.991869999999999,9.14313,9.29328,8.791595,9.095055,9.32751,9.2401,9.190875,9.217195,9.181225,9.178420000000001,9.367284999999999,9.366710000000001,8.74845,8.761510000000001,9.043765,9.105725,9.141475,9.031970000000001,8.59389,7.922225,8.806695000000001,8.90473,8.802489999999999,8.380785,8.75752,8.843789999999998,9.15017,8.64208,8.0565,8.496055,8.76049,9.061330000000002,8.706195000000001,8.747535,8.62764,8.227315,8.652425,8.71175,8.842965,8.97623,8.30129,8.995745000000001,8.77692,8.95325,8.093544999999999,8.01923,8.531025,8.80385,8.293165,8.57926
MPC1,7.268890000000001,7.250785,7.26472,7.187819999999999,7.284355000000001,7.22545,7.0138,7.11965,7.1965200000000005,7.166525,7.24916,7.27575,7.17834,7.16947,7.16599,7.308115,7.20602,7.24188,7.0510649999999995,7.20188,7.14028,7.168695,7.16317,7.022525,7.099225,7.404765,7.094365,7.057095,7.165395000000001,7.201600000000001,7.07175,7.112,6.78914,6.67696,6.892425000000001,6.957735,7.052614999999999,6.933855,6.85918,6.735175,7.042935,6.84147,6.84407,6.815295,6.772215,6.892620000000001,7.07907,7.100905,6.792235,6.8335799999999995,7.109350000000001,6.982049999999999,6.925335,6.845035,6.62006,6.93304,6.9245,7.033345000000001,6.744999999999999,6.416040000000001,6.5522599999999995,6.78115,6.8094,6.69106
SLC16A1,7.612957999999999,7.280575999999999,8.35025,8.04039,7.441518,7.30121,7.124122,8.5465,7.177128000000001,8.013468,8.336825999999999,9.008545999999999,6.097408,8.537552,7.795262000000001,8.71191,6.934108,8.236488,7.536156000000001,7.48006,7.258608,8.738422,7.703326,7.486794000000001,7.884003999999999,9.19818,7.306731999999999,7.281714000000001,7.515168,7.4452,8.025535999999999,6.11869,6.337928,7.656406,5.561839999999999,7.317164,6.822888000000001,6.710522,8.104180000000001,8.372554,6.817974000000001,6.381193999999999,5.692356,6.784205999999999,7.86506,7.371526,6.416172,7.100454000000001,7.160487999999999,7.947922,7.82328,8.073813999999999,6.1396120000000005,7.565396,7.819767999999999,7.299418,7.712899999999999,8.228565999999999,6.092676,7.8443179999999995,6.599992,5.463858,5.941980000000001,5.680507999999999
SLC16A3,,,,,,,,,,,,,,,,,,,,,,,,,,,,,,,,,,,,,,,,,,,,,,,,,,,,,,,,,,,,,,,,
ACLY,8.436733333333335,8.518453333333333,8.722766666666667,8.865743333333334,8.80198,8.548726666666667,8.339826666666665,8.11487,8.340186666666668,8.380666666666666,8.615986666666666,8.658956666666667,8.679243333333334,8.330686666666667,8.56266,8.721976666666668,8.504116666666667,8.578366666666668,8.684883333333334,8.243716666666666,8.660260000000001,8.27672,8.702856666666667,8.571889999999998,8.794976666666669,7.811336666666667,8.041953333333334,7.9239966666666675,8.432273333333333,8.5519,8.115366666666667,8.152030000000002,9.13557,8.644993333333334,9.029403333333333,9.328360000000002,9.16839,8.849649999999999,8.682286666666668,9.05402,9.236616666666666,9.312993333333333,8.836706666666666,9.12012,8.89864,8.6524,8.94066,9.171296666666667,9.279123333333333,9.065856666666667,8.88424,8.393143333333333,8.53048,9.017193333333331,8.641779999999999,9.235306666666666,9.22327,8.329939999999999,8.519633333333333,8.620823333333334,8.8454,9.016626666666667,9.227970000000001,8.69689
ACO1,5.826784999999999,6.179345,6.137295,6.00459,6.9422950000000005,6.7708200000000005,6.18565,6.084309999999999,6.745934999999999,6.14822,6.152855,6.3634699999999995,6.222675,6.1711100000000005,6.08162,7.073834999999999,6.443199999999999,5.954425,5.97624,6.14935,6.52783,5.795985,6.082985000000001,6.5049150000000004,6.171485,6.045115,5.88391,5.68609,6.27132,6.20207,5.858415,6.056655,6.396655,6.49718,6.253325,6.419945,7.064335,6.9547300000000005,5.9344600000000005,6.150060000000001,6.93257,6.371755,6.04823,6.457635,6.486889999999999,6.39473,6.217295,7.376815000000001,6.42823,5.98873,6.0449600000000006,6.36855,6.33483,6.147065,6.109695,6.57048,6.126675,6.11379,5.96683,6.04656,6.2049900000000004,6.287115,6.1414100000000005,6.25199
ACO2,8.08867,7.730285,8.090095,7.773375,8.076405000000001,8.046135,7.796575,7.963744999999999,7.86102,7.952075,7.465679999999999,7.78829,7.96391,7.750215,7.730729999999999,8.02369,8.035305000000001,7.7542100000000005,7.714985,7.78066,7.763059999999999,7.99456,7.928725,7.926625,8.173960000000001,7.914585000000001,7.588139999999999,7.796465,7.913774999999999,8.0068,7.680665,7.745095,7.42885,7.46481,7.760575,7.7391749999999995,7.665585,8.018905,7.6358,7.725995,7.93888,7.6230649999999995,7.879515,7.1941500000000005,7.7867,7.794755,7.704180000000001,7.99812,7.766169999999999,7.70187,7.721655,7.417300000000001,7.6460099999999995,7.88601,7.436885,7.84183,7.6737,7.919695000000001,7.619725,7.600535,7.541364999999999,7.608090000000001,7.23568,7.36359
CS,11.08794,10.6289,10.9099,10.887,10.94706,10.89807,10.86612,10.931289999999999,10.66358,10.877930000000001,10.48296,11.01543,10.55418,10.80258,10.88862,10.88534,10.84005,10.66461,10.993739999999999,10.79405,10.88449,11.033339999999999,10.88155,10.91296,11.07965,10.71604,10.46241,10.69604,10.87268,10.89277,11.17165,10.983319999999999,11.18034,10.60973,10.79684,10.9428,10.8382,11.0368,10.80954,10.85602,10.97551,11.05414,10.97296,10.62155,10.79148,11.00124,10.78952,11.00039,10.595139999999999,10.71393,10.942680000000001,11.04142,10.738669999999999,11.03641,10.666160000000001,11.12945,10.99164,10.712639999999999,10.81173,10.6703,10.76458,10.66034,10.96115,10.53927
FH,9.148496666666666,9.031116666666668,9.2584,9.245456666666668,9.52588,9.443249999999999,9.252566666666667,9.289516666666666,9.161076666666666,9.382356666666666,9.402546666666668,9.55028,9.05341,9.392826666666666,9.489263333333334,9.490483333333334,9.51229,9.112903333333334,9.256336666666668,9.134473333333334,9.2261,9.301586666666667,9.260689999999999,9.259163333333333,9.538003333333334,9.01256,8.843043333333334,8.756953333333334,9.187196666666667,9.267236666666667,9.044633333333334,8.872806666666667,8.886956666666666,8.7781,9.545323333333334,9.525603333333335,9.44035,9.292366666666668,9.1305,9.27414,9.6416,9.338379999999999,8.58029,9.521046666666667,9.375676666666667,9.523893333333334,9.43722,9.702376666666666,9.312226666666666,9.179129999999999,9.455596666666667,8.945936666666666,9.036276666666668,9.454773333333334,8.712153333333333,9.606736666666668,9.722653333333334,8.945216666666667,8.65351,8.73103,8.694186666666667,9.26349,8.727533333333332,8.962470000000001
IDH1,8.99072,9.111320000000001,9.029470000000002,9.101149999999999,9.12254,9.024203333333332,8.698860000000002,9.141386666666667,8.968623333333333,9.064143333333334,9.244863333333335,9.031906666666666,8.84181,8.905106666666667,9.155096666666667,9.09639,8.908836666666666,8.947426666666667,9.13648,8.881236666666666,8.981689999999999,8.911196666666667,9.009083333333335,9.007583333333335,9.117493333333334,9.002040000000001,8.957863333333334,8.923483333333333,9.097399999999999,9.014193333333333,9.23675,9.126046666666667,8.889866666666668,8.866406666666668,8.89414,9.321583333333333,9.167333333333334,9.032646666666666,9.220126666666667,9.131546666666667,9.501716666666667,9.130419999999999,8.735596666666666,8.809310000000002,9.01679,9.172223333333333,9.352863333333334,8.924076666666666,9.184823333333332,8.973170000000001,8.896623333333332,8.875773333333333,8.862676666666667,9.057313333333333,8.97307,9.149723333333332,8.92729,9.377650000000001,8.812633333333332,8.56967,8.86589,8.980596666666665,9.293349999999998,8.86409
IDH2,7.32597,7.826499999999999,7.2174,7.404680000000001,7.77198,7.95645,7.616099999999999,7.1586799999999995,7.755240000000001,7.73366,7.16957,7.651079999999999,7.237920000000001,7.570755,7.746495000000001,7.388700000000001,7.644275,7.7477,7.655875,7.632299999999999,7.5730949999999995,7.30234,7.781314999999999,7.61696,7.840225,6.958419999999999,7.0984050000000005,7.113370000000001,7.25226,7.651925,7.514844999999999,7.37058,7.882515,8.6828,8.498460000000001,8.287205,8.449200000000001,8.358075,8.4612,8.300925,8.60702,9.755565,8.136895,8.53698,9.074705,8.38989,8.360205,8.87948,8.77229,8.570935,8.28041,8.20007,8.09527,8.446805,7.80916,8.74678,8.544020000000002,7.80771,7.451115,8.09781,7.784285,8.598984999999999,8.021260000000002,7.953275
IDH3A,7.32101,7.672609999999999,7.869886666666666,7.65185,7.668319999999999,7.478020000000001,7.443593333333332,7.546969999999999,7.630326666666666,7.815013333333333,8.04583,7.657496666666667,7.500613333333333,7.385803333333333,8.013913333333333,7.899653333333333,7.9519899999999994,7.677416666666667,7.65284,7.415363333333334,7.811443333333333,7.5929,7.598766666666667,7.614436666666667,7.761676666666666,7.255316666666666,7.23386,7.000266666666666,7.543376666666667,7.57429,7.2598400000000005,7.291423333333334,6.990306666666666,7.114186666666666,7.173380000000001,7.159683333333334,7.798516666666667,7.134856666666667,7.137616666666667,7.203136666666668,7.5964,7.083686666666668,6.714306666666666,7.0989,8.204683333333334,7.172663333333333,7.294023333333333,7.6148533333333335,7.16223,7.06428,7.0157799999999995,6.9319033333333335,7.233289999999999,7.235849999999999,6.61271,6.9873400000000006,7.377509999999998,6.8229,6.9759899999999995,7.274299999999999,6.862876666666668,7.017356666666667,6.645356666666667,7.063126666666666
IDH3B,8.708656666666666,8.611006666666666,8.583003333333332,8.57747,8.949996666666665,8.856943333333334,8.54861,8.562533333333334,8.538346666666667,8.763703333333334,8.310586666666666,9.01207,8.4489,8.78413,8.782106666666666,8.606416666666666,8.676306666666667,8.84401,8.782693333333333,8.575666666666667,8.665776666666668,8.62558,8.583926666666665,8.543306666666666,8.8911,8.472949999999999,8.298106666666667,8.354303333333332,8.696953333333333,8.827343333333333,8.879306666666666,8.712283333333334,8.94558,8.618126666666667,8.960966666666666,8.97143,8.97117,9.021479999999999,8.748773333333334,8.924669999999999,9.046756666666665,8.886436666666667,8.617930000000001,9.074063333333333,9.219990000000001,8.97782,8.887633333333333,8.87433,8.735483333333335,8.976393333333334,8.920536666666667,8.789013333333335,8.713659999999999,8.826503333333333,8.440746666666668,8.881680000000001,8.84388,8.817323333333334,8.271560000000001,8.46278,8.944810000000002,8.965316666666666,8.71769,8.746910000000002
IDH3G,8.626235,8.40672,8.38528,8.383054999999999,8.677769999999999,8.636894999999999,8.35565,8.51684,8.32888,8.405575,7.944965,8.68247,8.3215,8.54075,8.310880000000001,8.48305,8.36337,8.65474,8.46368,8.408669999999999,8.428545,8.521765,8.35355,8.21279,8.52733,8.357105,7.985109999999999,7.991995000000001,8.38405,8.47476,8.71461,8.492070000000002,8.642405,8.361600000000001,8.579235,8.46649,8.422744999999999,8.661085,8.53179,8.624130000000001,8.537535,8.672184999999999,8.72092,8.455855,8.405245,8.551895,8.399905,8.69009,8.350235,8.70597,8.6352,8.5565,8.18168,8.555515,8.15499,8.400025,8.445905,8.23194,8.074275,8.175235,8.318710000000001,8.534495,8.614564999999999,8.519965
MDH1,11.11894,11.09136,11.00211,11.0408,11.282060000000001,11.1572,10.778260000000001,10.74643,10.97443,11.019039999999999,11.259039999999999,11.39434,10.951839999999999,11.15145,11.13515,11.192219999999999,11.03027,11.0935,11.02925,10.94326,11.0863,11.15906,10.89695,10.954080000000001,11.134319999999999,11.151539999999999,10.7497,10.745519999999999,11.13518,11.1658,11.15351,11.10142,11.0124,11.05516,11.32802,11.32794,11.38923,11.40468,11.084589999999999,11.24067,11.494480000000001,10.88745,10.85058,11.43166,11.376610000000001,11.32141,11.51177,11.38671,11.10782,11.39519,11.29006,11.05471,11.09735,11.30262,11.09762,11.2533,11.23139,10.93176,10.66468,10.75569,10.94033,11.07297,11.00767,11.09733
MDH2,9.4413,9.179795,9.258595,9.292595,9.375340000000001,9.36612,9.35801,9.34984,9.280605000000001,9.384105,9.238240000000001,9.345365000000001,9.17272,9.30786,9.33046,9.3485,9.163604999999999,9.31424,9.376655,9.161265,9.15319,9.13754,9.318425,9.164255,9.419515,9.188925000000001,8.91396,9.099885,9.309610000000001,9.31875,9.34671,9.266824999999999,9.612465,9.331265,9.44057,10.127785,9.802855000000001,9.56642,9.684705000000001,9.840885,9.7141,9.691735,9.16117,9.34352,9.649819999999998,10.01089,9.357154999999999,9.620614999999999,9.529679999999999,9.49989,9.28971,9.549955,9.27754,9.490585,9.32747,9.482785,9.502125,9.482415,9.374895,9.16896,9.412365000000001,9.38509,9.95979,9.3293
OGDH,6.646466666666666,6.202629999999999,6.384056666666666,6.695736666666666,6.493693333333333,6.324456666666666,6.297853333333333,6.364766666666667,6.33972,6.492720000000001,5.706599999999999,6.44902,6.62623,6.408483333333333,6.738553333333333,6.598326666666668,6.731793333333333,6.425466666666666,6.5596266666666665,6.300193333333333,6.542873333333333,6.4318333333333335,6.412516666666668,6.42008,6.8973233333333335,6.036176666666667,5.913619999999999,6.051406666666666,6.73687,7.158296666666668,6.06317,6.078223333333334,6.6052333333333335,6.332436666666666,6.455176666666667,6.688226666666668,6.748836666666667,6.584093333333333,6.571693333333333,6.6626,6.683,6.209386666666667,6.594169999999999,6.400190000000001,6.861323333333332,6.904350000000001,6.59056,6.480720000000001,6.943923333333334,6.417216666666666,7.0102866666666666,6.218146666666667,6.247346666666668,6.408333333333334,6.306436666666667,6.720796666666668,6.829813333333334,6.143403333333334,6.202793333333332,5.942656666666667,6.6733400000000005,6.978723333333334,6.405776666666667,6.05718
OGDHL,5.47757,5.3219,4.86019,5.306769999999999,5.23139,5.76579,4.63553,5.03414,5.10951,4.9052,5.211040000000001,5.7601,5.0835099999999995,5.21875,5.64909,4.9360599999999994,5.1816699999999996,5.75712,4.73804,5.28615,5.57625,5.138809999999999,4.8122,5.30813,5.25626,5.48285,5.238659999999999,4.87701,5.05887,5.2137400000000005,5.8453,5.58418,5.18848,5.02019,5.51003,5.6388,5.06551,5.870830000000001,4.9332,5.39101,5.59262,4.87712,5.56195,5.7241599999999995,5.1167,6.14291,5.14815,5.41365,4.89425,5.28598,5.17185,4.9194,5.40527,5.564690000000001,5.10492,6.14312,5.11571,5.27882,4.9224,5.01543,5.04781,5.4897800000000005,5.24271,5.1147800000000005
SDHA,10.34352,10.19974,10.77063,10.32199,11.128210000000001,11.02102,10.39765,10.54471,10.71953,10.72153,10.300139999999999,10.77846,10.39085,10.42954,10.580110000000001,10.62148,10.69948,10.61552,10.49606,10.498460000000001,10.53407,10.57244,10.519210000000001,10.40526,10.8139,10.29882,10.3191,10.34118,10.572339999999999,10.66518,10.61518,10.359580000000001,10.02075,10.301689999999999,11.22573,10.48048,11.08271,11.13457,10.46865,10.729610000000001,10.9655,10.56953,10.59251,10.50583,10.58112,10.545589999999999,10.44588,10.653960000000001,10.757769999999999,10.470999999999998,10.62098,10.60553,10.320730000000001,10.78008,10.15122,10.624369999999999,10.586110000000001,10.67574,10.390089999999999,9.98958,10.48446,10.44612,10.185360000000001,10.31316
SDHB,6.815565,6.73532,6.867614999999999,6.539665,6.914095,6.901485,6.641745,6.778095,6.683635,6.85045,6.693195,6.865724999999999,6.5989700000000004,6.710415,6.564045,6.80203,6.7085300000000005,6.81185,6.389885,6.775220000000001,6.767589999999999,6.846525,6.89349,6.81869,6.99956,6.8611,6.584355,6.826415,6.695699999999999,6.848755000000001,6.904345,6.68572,6.39162,6.447975,6.7239,6.664125,6.52562,6.963565,6.50006,6.9656400000000005,6.75039,6.79316,6.461695000000001,6.672355,6.92575,6.7250950000000005,6.758525000000001,6.697744999999999,6.336695000000001,6.586040000000001,6.4953899999999996,6.5073550000000004,6.8499,6.5937149999999995,6.272880000000001,6.696764999999999,6.85644,6.74797,6.699669999999999,6.096845,6.62857,6.540685,6.36426,6.53023
SDHC,7.080757142857142,7.483697142857143,7.257981428571429,7.44615142857143,7.440734285714286,7.383295714285715,7.313315714285714,7.348621428571429,7.3811599999999995,7.373798571428572,7.680925714285714,7.675978571428572,6.98181,7.539029999999999,7.648694285714285,7.5390171428571415,7.2255014285714285,7.5707885714285705,7.518548571428572,7.328608571428572,7.580864285714286,7.188657142857143,7.537745714285714,7.301585714285714,7.527634285714286,7.295145714285715,6.849041428571428,7.012101428571428,7.329322857142857,7.489224285714286,7.415137142857143,7.2119542857142855,7.2325928571428575,7.5254900000000005,7.526621428571427,7.541438571428572,7.761371428571429,7.503515714285714,7.620089999999999,7.780944285714285,7.761878571428572,7.531594285714285,6.944585714285714,7.644568571428571,7.820720000000001,7.747770000000001,7.709920000000001,7.690510000000001,7.504928571428571,7.667661428571427,7.639411428571428,7.373681428571429,7.520972857142857,7.57913,7.6252,7.620867142857143,7.603110000000002,7.407198571428572,6.992772857142858,7.303245714285714,7.51656,7.536808571428571,7.409945714285714,7.497087142857143
SDHD,7.198055,7.054505,7.1366,7.194875,7.14184,7.069815,7.19643,7.40521,7.217779999999999,7.18821,7.29281,7.205945,7.214075,7.200995000000001,7.308795,7.23754,7.155855,6.985495,7.20874,7.063655,7.13316,7.078799999999999,7.0996749999999995,7.141825000000001,7.165225,7.266215,6.961970000000001,6.95903,7.1390150000000006,7.00733,7.070385,7.034084999999999,6.846945,6.960945,6.974955,7.195715,6.8149,7.138674999999999,7.06036,7.09723,7.242655,6.8196,6.82725,7.058825,6.637725,7.10855,7.234265000000001,7.009275000000001,6.830225,6.894,6.859025,6.9337800000000005,7.233265,7.135255000000001,7.043545,6.94266,6.96075,7.151705000000001,6.936485,6.815985,6.85674,6.9459349999999995,6.72194,6.800805
SUCLA2,7.917789999999999,8.85132,8.623460000000001,8.33591,8.66895,8.392619999999999,9.04198,9.24567,8.70626,8.93827,9.002460000000001,9.112789999999999,8.095080000000001,8.55373,8.765239999999999,8.80085,8.27989,8.32807,8.642619999999999,8.652460000000001,8.754389999999999,9.17954,9.02351,8.72764,9.15821,8.88002,8.29154,8.43717,8.79106,9.42627,8.97027,8.73832,8.61538,8.24815,8.466660000000001,8.215119999999999,8.921710000000001,8.76927,9.07364,9.1642,9.25734,8.69065,7.82805,8.75186,8.91545,8.77317,8.64059,8.53261,8.64466,7.959810000000001,8.57788,8.64288,9.48531,9.06184,9.263819999999999,8.92613,9.23584,8.8203,7.92252,8.51903,8.6652,9.35651,8.56592,8.69228
SUCLG1,7.426925000000001,7.24599,7.394394999999999,7.281264999999999,7.278555000000001,7.36618,7.345025,7.254149999999999,7.230129999999999,7.37072,7.14537,7.296855,7.16878,7.41277,7.371945,7.24476,7.2658499999999995,7.317559999999999,7.30125,7.32104,7.36166,7.22753,7.16267,7.28296,7.49024,7.205439999999999,7.22053,7.179024999999999,7.237159999999999,7.3838799999999996,7.322699999999999,7.30015,7.0144400000000005,6.811374999999999,7.268405,7.110035,7.075495,7.306055000000001,7.01305,6.91514,7.20737,7.095055,7.01768,6.88579,7.00417,7.117665000000001,7.198755,7.131475,6.99875,6.951765,7.02712,6.90661,7.253235,7.0606100000000005,7.060975,7.32179,7.278499999999999,7.075934999999999,7.05561,6.909425000000001,6.959105,6.98756,6.91592,6.917145
SUCLG2,10.794870000000001,10.803503333333333,10.602396666666666,10.760073333333333,10.818696666666668,10.605096666666666,10.861983333333335,11.143003333333333,10.790793333333333,10.601439999999998,10.782090000000002,10.528536666666666,10.271009999999999,10.718449999999999,10.767306666666665,10.753533333333332,10.349000000000002,10.327210000000001,10.53496,10.721076666666667,10.9229,10.65822,10.773630000000002,10.68709,10.875863333333335,10.90051333333333,10.777646666666667,10.569623333333332,11.020896666666667,10.781113333333332,10.873503333333334,10.465226666666666,10.312130000000002,10.100389999999999,10.496496666666667,10.663486666666667,10.176853333333334,10.687436666666665,10.585700000000001,10.32679,10.874586666666666,9.839786666666667,9.956023333333333,10.003929999999999,9.967,10.885366666666664,10.492976666666666,10.290576666666666,10.610823333333334,10.054186666666666,10.41366,10.461523333333334,10.790289999999999,10.46857,10.626253333333333,10.678083333333333,10.582006666666667,10.880213333333332,10.476476666666668,9.968836666666668,10.23672,10.22132,10.130093333333333,10.173716666666666
ALDOA,11.05115,10.773506666666668,10.72004,10.745623333333333,10.47799,10.971803333333334,10.765,10.810553333333333,10.696973333333334,10.729806666666667,10.257466666666668,10.867476666666667,10.622743333333334,10.68647,10.664050000000001,10.508990000000002,10.724523333333332,10.60638,10.626706666666665,10.567103333333334,10.592633333333334,10.677306666666667,10.918836666666666,10.646693333333333,10.929356666666665,10.82212,10.551663333333336,10.68524,10.4883,10.72354,10.70541,10.640726666666666,11.14018,11.214993333333334,11.168893333333335,10.834726666666667,10.784353333333334,11.061083333333334,11.004583333333334,11.441713333333333,10.923896666666666,11.368933333333333,11.033983333333333,10.70481,11.17687,10.658346666666667,10.343196666666666,11.009963333333332,11.057366666666667,10.584380000000001,11.283413333333334,11.05601,10.560303333333332,10.96537,10.754383333333335,10.767240000000001,10.796323333333333,10.935296666666666,10.768943333333333,10.899846666666667,10.621346666666668,11.113156666666667,11.130360000000001,10.919513333333335
ALDOB,4.677196666666667,5.260818888888888,4.340016666666667,4.3450677777777775,4.311701111111112,4.310904444444444,4.3336966666666665,4.591301111111111,4.334087777777778,4.104756666666668,4.273651111111111,5.697297777777778,4.3988177777777775,5.146162222222221,4.098153333333332,4.228172222222223,4.363725555555556,4.654347777777778,4.201709999999999,4.48595888888889,4.275935555555555,4.598660000000001,4.162531111111111,4.161873333333333,4.934148888888889,5.462309999999999,4.203878888888889,4.19615,5.355099999999999,4.411654444444444,4.32673,4.720626666666667,4.484663333333334,5.398215555555556,4.497805555555555,4.124352222222222,4.912208888888888,4.485243333333333,4.5602044444444445,5.442652222222222,4.296060000000001,4.855137777777778,4.910092222222222,5.338991111111111,6.013652222222222,4.4455422222222225,4.33796,4.673394444444444,4.451285555555556,4.580931111111111,5.392711111111111,5.0445511111111125,4.722197777777778,4.544911111111111,4.0328388888888895,4.178202222222222,4.534110000000001,5.307291111111111,4.464438888888889,5.059036666666667,4.43437,5.1146199999999995,4.417931111111112,4.625446666666666
ALDOC,8.09414,8.13055,7.5579600000000005,7.7032300000000005,8.27918,7.90417,7.72128,7.5766100000000005,8.48414,7.62015,7.72432,7.50108,7.731380000000001,6.98925,7.745139999999999,7.38926,7.56538,8.33244,8.03205,8.3081,8.38124,8.096169999999999,8.19384,8.19333,8.92625,7.5188,7.75758,7.428310000000001,7.79175,8.15652,7.17581,7.05428,7.54343,7.21092,8.43177,7.034330000000001,7.37299,7.62015,7.241630000000001,9.02218,7.8698,8.07797,7.60613,7.4777,7.358110000000001,6.98347,7.95788,7.16615,7.276660000000001,6.42889,7.926639999999999,7.09015,7.02878,7.2934600000000005,7.7113,6.61608,6.83328,7.564030000000001,7.29542,7.2792699999999995,7.34667,7.96457,8.20756,7.0382
HK1,8.79909,9.01039,9.11439,9.19859,9.43335,9.2766,9.01742,8.797789999999999,9.0561,8.96841,8.9027,9.25496,9.150889999999999,9.145539999999999,9.35538,9.024510000000001,9.29274,9.173630000000001,9.077539999999999,9.02951,8.97522,8.72925,9.12003,8.86209,8.84631,8.60493,8.74652,8.58179,9.19794,9.09499,9.14873,9.04461,9.301110000000001,9.4983,9.672930000000001,9.2841,9.50665,9.279580000000001,9.75061,9.43206,9.14166,9.2521,9.266639999999999,9.42019,9.330110000000001,9.18127,9.2129,9.82705,9.176260000000001,9.97529,9.83838,9.24012,8.67463,9.476180000000001,9.297310000000001,9.47953,9.24115,9.21632,9.00376,8.85065,9.95756,9.72782,10.26297,9.39386
HK2,9.40518,9.933810000000001,9.57518,9.68649,9.68937,9.65669,9.263539999999999,9.44218,9.078339999999999,9.48274,9.65062,9.48776,10.10913,9.22627,9.24277,9.49522,9.437000000000001,9.28782,9.221589999999999,9.10858,9.17218,8.99958,9.61319,9.369660000000001,9.44718,8.95992,9.07058,8.9773,9.13866,9.05237,9.35975,8.78185,8.95618,9.207419999999999,9.44515,8.97348,9.52417,9.3599,9.0235,8.85934,8.76424,8.56992,9.145669999999999,8.58104,9.64441,8.69697,8.55466,9.69262,9.12786,8.55158,9.60997,9.26715,8.45531,8.73643,8.58174,9.00944,8.89515,8.474789999999999,9.04642,9.48775,8.42326,9.308069999999999,9.33991,9.09251
HK3,6.02147,5.69444,6.1533,5.426830000000001,5.35555,6.0511800000000004,5.6245199999999995,5.46778,5.73402,5.9381,5.33399,5.45505,6.29634,5.54505,5.42896,5.29461,5.79127,5.559740000000001,5.25397,5.245369999999999,5.54186,5.54359,5.48789,5.43433,5.39035,5.60335,5.22947,5.06681,5.38799,5.55152,5.41324,5.23387,5.93163,5.62234,5.48193,5.69682,5.49924,6.0635900000000005,5.63309,5.63877,5.48601,5.49369,6.471,5.5804599999999995,5.602869999999999,5.2951,5.718319999999999,5.61841,5.36285,5.46272,5.45765,5.41743,5.548430000000001,5.64034,5.525,5.41224,5.57869,5.78103,5.54943,5.55832,5.3320099999999995,5.38253,5.28126,5.491969999999999
PGAM1,10.98643,11.169260000000001,10.913839999999999,11.02427,11.2562,11.267330000000001,10.94267,10.88611,10.959760000000001,10.90523,10.849039999999999,11.31744,11.053239999999999,11.04615,10.98327,10.85719,11.105310000000001,11.134260000000001,10.89757,11.04848,10.9987,10.92003,10.97482,10.965069999999999,11.07978,10.953289999999999,10.46011,10.592789999999999,11.02454,11.11187,11.112739999999999,11.09218,11.10871,11.425410000000001,11.4385,11.38149,11.517430000000001,11.22534,11.24564,11.477739999999999,11.405380000000001,11.694289999999999,11.26726,11.45848,11.46914,11.16037,11.29343,11.59325,11.29688,11.38817,11.613480000000001,11.15506,10.98449,11.4675,10.86877,11.226230000000001,11.41266,10.98967,10.78858,11.0619,11.47542,11.99131,11.435839999999999,11.47715
PGAM2,4.77548,4.82226,4.8234,4.43981,4.24349,4.68927,4.43945,4.65878,4.34582,4.55704,4.37094,4.58265,5.03664,4.43315,4.378369999999999,4.37739,4.45563,4.42248,4.6856599999999995,4.42945,4.37133,4.40693,4.18227,4.62171,4.1517599999999995,3.97453,4.1977,4.23267,4.4131800000000005,4.32448,4.35214,4.227930000000001,4.45787,4.5376900000000004,4.79515,4.80684,4.38479,5.03331,4.74204,4.5168,4.53205,4.480169999999999,5.31531,4.40651,4.56462,4.37526,4.56032,4.45753,4.14991,4.5522599999999995,4.52113,4.46345,4.03304,4.301080000000001,4.44686,4.1763900000000005,4.51768,3.93453,4.4031400000000005,4.26225,4.17,4.06249,4.47029,4.402340000000001
PGAM4,,,,,,,,,,,,,,,,,,,,,,,,,,,,,,,,,,,,,,,,,,,,,,,,,,,,,,,,,,,,,,,,
PGK1,8.188648333333333,8.333619999999998,8.125449999999999,8.282208333333333,8.382341666666667,8.225226666666666,8.376908333333335,8.243743333333333,8.188651666666667,8.322631666666668,8.514423333333333,8.552819999999999,8.072366666666667,8.393763333333332,8.526558333333334,8.508695,8.400211666666667,8.343153333333333,8.463946666666667,8.270488333333333,8.314986666666666,8.317569999999998,8.347045,8.139291666666669,8.431586666666666,8.196078333333334,8.079155,7.837029999999999,8.170451666666667,8.273401666666667,8.15436,8.098413333333333,8.365645,8.83534,8.847353333333333,8.404698333333334,8.737191666666666,8.355168333333333,8.136383333333333,8.758043333333333,8.585993333333333,8.786178333333334,7.956368333333333,8.757803333333333,9.26645,8.491446666666667,8.46909,8.661411666666666,9.134993333333332,8.385528333333335,8.856793333333334,8.750303333333333,8.313011666666666,8.615471666666666,8.305035,8.44896,8.572915,8.117683333333334,8.178548333333334,8.332945,8.479643333333334,8.902389999999999,8.45985,8.504006666666665
PGK2,4.2218800000000005,4.0452900000000005,4.19537,3.95194,4.13366,4.42414,3.7482599999999997,3.79299,3.79705,3.7322300000000004,3.76285,3.9757,4.25058,3.9242800000000004,3.7149400000000004,4.07137,3.96604,3.89244,3.96579,4.2502699999999995,3.79299,3.8800199999999996,3.67542,3.60796,3.62097,3.66842,3.56091,3.81601,3.9734,3.84775,3.8477900000000003,3.77915,4.12941,3.87508,4.0663800000000005,4.35893,3.64171,4.4295800000000005,3.74035,3.8576699999999997,3.7946699999999995,3.79569,4.199319999999999,3.8439099999999997,3.77014,3.6549300000000002,3.89218,3.64497,3.65916,3.64805,4.00185,4.13054,3.6209,3.3558,3.59435,3.7028300000000005,3.87879,3.4897400000000003,4.17437,3.5104,3.75432,3.7452,3.9727900000000003,4.03721
PGM1,10.35652,10.07595,10.62455,10.355789999999999,10.62078,10.47425,10.289480000000001,10.54613,10.32267,10.44405,10.30585,10.753219999999999,9.98826,10.5166,10.23017,10.69042,10.47236,10.3976,10.30913,10.33802,10.22252,10.4918,10.37086,10.05495,10.41383,10.25445,10.09243,10.12553,10.3965,10.319230000000001,10.51094,10.11247,9.978019999999999,8.92002,10.188310000000001,10.25937,10.10795,10.24441,9.98123,9.63166,10.36471,9.64365,9.779589999999999,9.71456,9.45921,10.19743,9.7993,10.13221,9.801210000000001,9.66209,10.00452,9.85149,9.94904,10.046439999999999,9.68058,10.13114,9.90738,10.06392,10.04471,9.17496,9.6921,9.21374,9.42585,9.65606
PGM2,6.208786666666666,6.861906666666666,6.681063333333333,6.3846066666666665,6.626363333333334,6.578916666666667,6.578303333333334,6.757633333333334,6.746523333333333,6.670296666666666,7.2776266666666665,7.266226666666667,6.334283333333333,7.1120633333333325,7.168103333333334,6.771326666666667,6.59297,6.842883333333333,7.047083333333333,6.455633333333334,6.694483333333333,7.020273333333333,6.485836666666667,6.675460000000001,6.839706666666667,6.806640000000001,6.3427966666666675,6.146273333333333,6.962486666666667,6.881360000000001,6.898326666666667,6.630916666666667,7.20906,7.633156666666667,7.409053333333333,7.406766666666666,7.743986666666667,6.913936666666667,7.545556666666666,7.597156666666667,7.4735000000000005,7.534246666666667,6.226643333333333,7.838403333333333,8.198016666666666,7.511576666666667,7.461263333333332,7.676713333333333,7.3212,7.68374,7.863646666666665,7.338163333333333,7.244853333333334,7.887630000000001,7.378826666666666,7.71418,7.687036666666667,7.326149999999999,6.702253333333334,6.481543333333334,7.314366666666667,7.452643333333334,7.316489999999999,7.441666666666667
GAPDH,13.205066666666667,13.244,13.250275,13.262541666666664,13.281036666666665,13.230235,13.096461666666668,13.07161,13.180833333333334,13.158954999999999,13.164304999999999,13.367325000000001,13.387733333333331,13.281748333333333,13.311095,13.23645,13.345365000000001,13.203933333333334,13.177331666666667,13.152911666666666,13.218526666666667,13.113728333333334,13.227405000000003,13.153985,13.337661666666667,12.924873333333336,12.788358333333335,12.871258333333332,13.214018333333334,13.263354999999997,13.134869999999998,13.171321666666664,13.492738333333334,13.522538333333332,13.661813333333333,13.549966666666668,13.512605,13.534390000000002,13.398920000000002,13.746905,13.617026666666668,13.698180000000002,13.513415,13.570791666666667,13.681513333333333,13.59548,13.53066,13.686313333333331,13.66202,13.462345,13.577098333333332,13.514746666666667,13.328401666666666,13.489411666666669,13.407161666666665,13.499431666666666,13.454123333333333,13.236139999999999,13.30767166666667,13.298585000000001,13.488456666666666,13.776831666666666,13.704983333333333,13.449026666666667
GPT1,,,,,,,,,,,,,,,,,,,,,,,,,,,,,,,,,,,,,,,,,,,,,,,,,,,,,,,,,,,,,,,,
GPT2,6.019769999999999,6.29177,5.9397400000000005,6.1165199999999995,6.1763699999999995,5.74515,5.71163,5.86532,5.69324,5.45029,5.44958,6.51353,6.30812,5.3573,6.0044900000000005,5.7012,5.50926,6.21823,6.15431,6.0425,5.76963,6.19415,5.8011,5.86231,6.555510000000001,6.60353,5.59388,5.21638,6.18275,6.35886,6.412719999999999,5.98644,6.6659,6.948989999999999,6.6795100000000005,7.2473600000000005,8.035969999999999,7.03343,8.15455,8.069460000000001,7.729769999999999,7.41677,6.63311,7.0532699999999995,6.8761600000000005,7.062119999999999,7.34985,8.061110000000001,6.98917,8.08897,8.313930000000001,6.69457,6.92715,8.20856,7.74052,7.71766,8.07676,7.495089999999999,6.3236,8.25977,7.779739999999999,7.27838,8.18653,7.2299
SLC2A1,5.20783,5.300504999999999,5.4640450000000005,5.48611,5.280965,5.290945000000001,5.36534,5.6280149999999995,5.26472,5.2956900000000005,5.312735,5.420345,5.4145900000000005,5.244805,5.71265,5.42934,5.84356,5.25653,5.37857,5.367275,5.27425,5.21011,5.365915,5.5848,5.415215,5.361235000000001,5.19968,5.27941,5.39238,5.6138650000000005,5.044615,5.18588,5.26262,5.409700000000001,5.917009999999999,5.187135,5.2039100000000005,5.278105,5.433115,6.118145,5.072035,5.653265,5.51551,5.416735,6.032875000000001,5.1498349999999995,5.44778,5.531855,5.81953,5.6305250000000004,6.745595000000001,5.71868,5.286944999999999,5.389865,5.47548,5.0574,5.222735,5.44754,5.1862200000000005,6.02881,5.752515,6.2255,5.542465,5.130694999999999
SLC2A2,3.0886099999999996,3.14079,3.1387099999999997,3.08714,2.9706200000000003,3.1129700000000002,2.99324,3.4143199999999996,2.9843,3.1469099999999997,3.11027,2.94374,3.1411700000000002,3.1680200000000003,3.21347,3.07535,3.11275,3.00564,3.19404,3.22286,3.22759,3.20855,3.16057,2.90639,3.0831,3.2527,3.21197,3.30346,3.01308,3.0388,2.95878,3.03419,2.99498,2.95321,3.42096,3.0675,2.9539999999999997,3.10745,3.33639,2.97243,2.9997,3.1905900000000003,3.12661,3.162,3.08013,3.07729,3.12126,2.99648,3.1627099999999997,3.08966,3.13631,2.95896,3.13365,2.9407900000000002,2.98433,2.9719700000000002,3.01018,3.7242800000000003,3.3080000000000003,3.24965,3.0222900000000004,3.02933,2.97284,3.08164
SLC2A3,4.279013333333333,4.30091,4.500333333333333,4.295646666666667,4.403026666666666,4.515596666666667,5.106906666666666,4.612283333333333,4.532926666666667,4.300703333333334,4.526553333333333,4.995396666666667,4.0245500000000005,4.996566666666666,4.36666,4.188153333333333,5.198463333333334,4.295356666666667,4.352523333333333,4.569136666666667,4.37002,4.663883333333334,4.621110000000001,4.362476666666667,4.219986666666666,4.243166666666666,4.486436666666667,4.3221766666666666,4.152073333333333,4.401979999999999,4.313653333333334,4.884656666666666,4.2348799999999995,4.418453333333334,4.28206,4.02581,4.441553333333333,4.136830000000001,4.175323333333334,4.10059,4.273796666666667,4.3494633333333335,4.185616666666665,4.805783333333333,4.51525,4.335126666666667,4.1202266666666665,4.459763333333333,4.613496666666666,4.148463333333334,4.427473333333333,4.09212,4.0729999999999995,4.247183333333333,4.094766666666667,4.111293333333333,4.432003333333333,3.9037633333333335,4.264193333333334,4.41007,4.026186666666667,4.963443333333333,3.9697899999999997,4.50641
SLC2A4,3.8540099999999997,3.7626800000000005,3.64935,3.42809,3.40595,3.9314199999999997,3.4517800000000003,3.5007,3.5341,3.5813800000000002,3.36576,3.6533800000000003,3.6284699999999996,3.5027199999999996,3.3601699999999997,3.73967,3.5207800000000002,3.5394400000000004,3.45477,3.4792699999999996,3.6555699999999995,3.53714,3.3184199999999997,3.7397099999999996,3.4482699999999995,3.9809,3.5174300000000005,3.5837800000000004,3.6380199999999996,3.4963900000000003,3.57785,3.70375,3.61562,3.5121800000000003,3.46621,3.75302,3.47744,4.09676,3.2804,3.74034,3.59332,3.5695300000000003,3.9061199999999996,3.41585,3.36576,3.4700300000000004,3.74546,3.4925599999999997,3.6743300000000003,3.5568400000000002,3.8237900000000002,4.10471,3.45969,3.17612,3.28169,3.38745,3.5746300000000004,3.572,3.6934,3.56691,3.6378,3.20325,3.56892,3.51674
